ИН_клиента,Фамилия,Имя,Отчество
2,Иванов,Иван,Иванович
3,Александрова,Александра,Александровна
4,Петрова,Алла,Ивановна
5,Алексеева,Алиса,Ивановна
6,Измайлов,Святослав,Эдуардович
7,Булгарин,Филипп,Валентинович
8,Могилянская,Надежда,Владиславовна
9,Бирюкова,Алина,Глебовна
10,Чернопятнова,Маргарита,Тимофеевна
11,Алина,Ростиславовна,Губарева
12,Башмакова,Диана,Степановна
13,Бровков,Григорий,Иванович
14,Дягилев,Олег,Данилович
15,Сергеев,Юрий,Васильевич
16,Остроградский,Леонид,Владимирович
17,Болычевцев,Иван,Георгиевич
39,Аквинский,Фома,Васильевич
43,Брянцов,Вячеслав,Викторович
44,Титов,Демьян,Олегович
45,Самойлов,Фома,Герасимович
46,Жилин,Лев,Ростиславович
48,Кривоузов,Флорентий,Юрьевич
49,Логвинов,Антон,Яковлевич
50,Гречко,Игорь,Кириллоаич
51,Моисеева,Римма,Юрьевна
52,Клим,Ирина,Викторовна
53,Кырлова,Александра,Владимировна
54,Голубчиков,Чеслав,Назарович
55,Яруллин,Дементий,Валерьянович
56,Курицын,Фадей,Всеволодович
57,Кабацкий,Андриян,Эрнестович
58,Дешевых,Мир,Несторович
59,Брынских,Валерьян,Капитонович
60,Цитников,Осип,Мартьянович
61,Ханипов,Карл,Матвеевич
62,Низов,Сигизмунд,Евлампиевич
63,Бессмертный,Тарас,Иванович
64,Платущихин,Лука,Давидович
65,Смотров,Владлен,Федосиевич
66,Новохацкий,Матвей,Панкратиевич
67,Погодин,Клавдий,Архипович
68,Гуковский,Поликарп,Викентиевич
69,Долгоруков,Петр,Игнатиевич
70,Яушкин,Егор,Артемович
71,Бухаров,Евгений,Натанович
72,Горюшин,Афанасий,Вячеславович
73,Дагиров,Пимен,Онисимович
74,Кетов,Кондрат,Агапович
75,Рабинович,Трофим,Анатолиевич
76,Цулукидзе,Лукьян,Дмитриевич
77,Теребов,Вацлав,Кириллович
78,Невзоров,Модест,Эрнстович
79,Яворов,Евсей,Проклович
80,Ёлшин,Евграф,Никифорович
81,Агальцов,Сократ,Вадимович
82,Щербатых,Эрнест,Савелиевич
83,Забродин,Остап,Эдуардович
84,Драгомиров,Платон,Сергеевич
85,Моряков,Максимильян,Карлович
86,Должикова,Анна,Кондратьевна
87,Щекочихина,Розалия,Евдокимовна
88,Федотова,Софья,Владленовна
89,Портнова,Инесса,Тимофеевна
90,Старикова,Ариадна,Игнатьеивна
91,Яковенцева,Инна,Александровна
92,Ёлкина,Елизавета,Афанасиевна
93,Дедова,Елена,Ефимовна
94,Эскина,Владлена,Савелиевна
95,Тихоход,Алиса,Яновна
96,Пирожкова,Милена,Богдановна
97,Мамыкина,Дарья,Ираклиевна
98,Карантирова,Эльвира,Платоновна
99,Бутылина,Ксения,Семеновна
100,Цулукидзе,Эмилия,Аскольдовна
101,Панарина,Фаина,Тимуровна
102,Челомеева,Мария,Максимильяновна
103,Григорьева,Юнона,Поликарповна
104,Манторова,Изабелла,Рюриковна
105,Яимова,Юлия,Георгиевна
106,Гаврикова,Марфа,Евстигнеевна
107,Уракова,Надежда,Петровна
108,Завражная,Ирина,Измаиловна
109,Шипеева,Рената,Никоновна
110,Кузубова,Бронислава,Ярославовна
111,Головченко,Аза,Егоровна
112,Муравей,Варвара,Евремовна
113,Ермушина,Антонина,Трофимовна
114,Шумова,Пелагея,Чеславовна
115,Сиянова,Стела,Макаровна
116,Лыкова,Ярослава,Ипполитовна
117,Ахтемирова,Алина,Назаровна
118,Жилина,Альбина,Андриановна
119,Дуболадова,Дина,Данилевна
120,Дмитриева,Галина,Рубеновна
121,Зюлёва,Ангелина,Карповна
122,Максимушкина,Лиана,Давидовна
123,Дасаева,Екатерина,Денисовна
124,Жернакова,Татьяна,Иосифовна
125,Костюк,Любовь,Гавриловна
126,Гришачёва,Анфиса,Макаровна
127,Игошина,Галина,Рубеновна
128,Капылюшная,Варвара,Святославовна
129,Андрейченко,Лидия,Руслановна
130,Богоявленская,Изабелла,Мирославовна
131,Эйбоженко,Ефросиния,Иннокентиевна
132,Калюта,Стела,Семеновна
133,Карташёва,Виктория,Леонидовна
134,Мельник,Ульяна,Мстиславовна
135,Шишмарёва,Ирина,Егоровна
136,Грехова,Татьяна,Поликарповна
137,Киселева,Евгения,Никоновна
138,Энгельгардт,Диана,Герасимовна
139,Маховицкая,Ариадна,Тарасовна
140,Никандрова,Розалия,Мартыновна
141,Топорова,Марфа,Сидоровна
142,Бобрикова,Анисья,Сигизмундовна
143,Бичурина,Эмма,Прокловна
144,Апакидзе,Ефросинья,Агаповна
145,Замятина,Людмила,Феодосьевна
146,Пьяныха,Ольга,Евстигнеевна
147,Малышева,Валентина,Павловна
148,Грызунова,Любава,Евдокимовна
149,Смольянинова,Алиса,Якововна
150,Палагута,Маргарита,Игоревна
151,Шиловская,Эвелина,Михаиловна
152,Щенина,Агафья,Максимильяновна
153,Шульгина,Полина,Ивановна
154,Крутелева,Антонина,Романовна
155,Брежнева,Доминика,Потаповна
156,Низовцова,Инга,Бориславовна
157,Ясина,Арина,Евремовна
158,Хоботилова,Тамара,Ульяновна
159,Таттар,Дарья,Станиславовна
160,Яковеца,Агния,Лаврентиевна
161,Таначёва,Христина,Евграфовна
162,Купревич,Лилия,Пахомовна
163,Крака,Лада,Антиповна
164,Ястребова,Алина,Юлиевна
165,Муравьева,Галина,Данилевна
166,Кахадзе,Эмма,Рюриковна
167,Тёмкина,Нона,Евсеевна
168,Поливанова,Ульяна,Владиленовна
169,Заславская,Любава,Юлиевна
170,Анрепа,Валерия,Чеславовна
171,Инькова,Злата,Германовна
172,Кушкина,Аза,Капитоновна
173,Дурова,Ефросинья,Карловна
174,Коваль,Ярослава,Порфириевна
175,Глухова,Инесса,Прокофьевна
176,Калюта,Лидия,Серафимовна
177,Габулова,Елизавета,Евремовна
178,Ярская,Оксана,Никитевна
179,Комарова,Майя,Игнатиевна
180,Маховицкая,Ксения,Евстигнеевна
181,Павлова,Анна,Моисеевна
182,Гришачёва,Татьяна,Радионовна
183,Качусова,Влада,Агаповна
184,Крестьянинова,Роза,Леонидовна
185,Сотникова,Ираида,Лаврентиевна
186,Нагибина,Ирина,Вячеславовна
187,Мухоморова,Наталия,Мирославовна
188,Паринова,Елена,Игнатьеивна
189,Фанина,Алла,Елизаровна
190,Чуркина,Ангелина,Якубовна
191,Горбачева,Мирослава,Геннадиевна
192,Бальсунова,Ева,Тихоновна
193,Маркина,Доминика,Михаиловна
194,Коскова,Арина,Степановна
195,Ярополова,Марфа,Евдокимовна
196,Ругова,Алиса,Кирилловна
197,Кондратьева,Лилия,Викторовна
198,Исаева,Инга,Аристарховна
199,Янборисова,Фаина,Романовна
200,Ремизова,Антонина,Сигизмундовна
201,Косицкая,Юлия,Аркадиевна
202,Эвентова,Регина,Егоровна
203,Славская,Валентина,Терентьевна
204,Яикбаева,Диана,Александровна
205,Клим,Василиса,Ильевна
206,Голубцова,Рада,Бориславовна
207,Паршина,Эмилия,Аркадиевна
208,Мельник,Пелагея,Дмитриевна
209,Поджио,Ника,Тихоновна
210,Лыткина,Лада,Поликарповна
211,Лачинова,Екатерина,Василиевна
212,Брежнева,Евдокия,Рубеновна
213,Глинина,Ираида,Мечиславовна
214,Актжанова,Кира,Адамовна
215,Юсупова,Эвелина,Федоровна
216,Бобра,Валерия,Владиславовна
217,Тэна,Любава,Георгиевна
218,Бакшаева,Агафья,Аристарховна
219,Якупова,Анисья,Авдеевна
220,Игнатенко,Жанна,Викторовна
221,Сухих,Инесса,Аскольдовна
222,Казючиц,Нина,Гавриловна
223,Кузубова,Изольда,Мартыновна
224,Тенишева,Аза,Евстигнеевна
225,Шайна,Александра,Кировна
226,Илькуна,Евгения,Филипповна
227,Лутугина,Галина,Степановна
228,Янпольская,Лариса,Всеволодовна
229,Долгорукова,Анфиса,Вацлавовна
230,Мордвинова,Марина,Марковна
231,Красильникова,Алиса,Рюриковна
232,Лягушкина,Доминика,Святославовна
233,Качурина,Людмила,Эрнестовна
234,Енотова,Арина,Радионовна
235,Ясеневская,Светлана,Прокофьевна
236,Теплова,Юлия,Елизаровна
237,Закирова,Мария,Никоновна
238,Водолеева,Алина,Филимоновна
239,Сочинская,Бронислава,Зиновьевна
240,Янушко,Майя,Самуиловна
241,Перевалова,Агния,Сидоровна
242,Скрябина,Зинаида,Натановна
243,Степанова,Ангелина,Давидовна
244,Набутова,Дина,Матвеевна
245,Кувардин,Евлампий,Наумович
246,Сыропоршнев,Георгий,Михеевич
247,Паршиков,Прокофий,Самсонович
248,Шульдешов,Изяслав,Глебович
249,Чирков,Панкратий,Евграфович
250,Седов,Николай,Остапович
251,Дорофеев,Никон,Артемиевич
252,Носатенко,Самсон,Яковович
253,Ягфаров,Арсений,Аникитевич
254,Арчибасов,Ерофей,Федорович
255,Кондратенко,Феликс,Александрович
256,Колбенев,Венедикт,Евлампиевич
257,Эрдели,Пимен,Измаилович
258,Петрунин,Евгений,Мечиславович
259,Недельский,Ростислав,Аполлинариевич
260,Черниенко,Филимон,Святославович
261,Никитенко,Радислав,Евстафиевич
262,Ёжов,Аким,Богданович
263,Крысов,Борис,Андроникович
264,Хлебов,Валерьян,Ерофеевич
265,Розенбах,Вячеслав,Самуилович
266,Муравьев,Матвей,Онисимович
267,Форофонтов,Поликарп,Ефремович
268,Сычёв,Иван,Юриевич
269,Рыжиков,Остап,Владиславович
270,Зууфин,Никанор,Филиппович
271,Палванов,Ираклий,Платонович
272,Шепелев,Константин,Еремеевич
273,Горемыкин,Алексей,Касьянович
274,Юферев,Наум,Сергеевич
275,Афанасьев,Богдан,Карлович
276,Бойдало,Игорь,Артемович
277,Кутепов,Егор,Эдуардович
278,Горюнов,Максим,Ираклиевич
279,Галдин,Елизар,Сидорович
280,Яминский,Феоктист,Миронович
281,Песков,Демьян,Зиновиевич
282,Мозговой,Осип,Захарович
283,Смирновский,Агафон,Якубович
284,Ямбаев,Онуфрий,ВячеславовичВалеев
285,Борев,Марк,Тихонович
286,Алехин,Прокофий,Викентиевич
287,Лубашев,Евсей,Федотович
288,Изотов,Трофим,Матвеевич
289,Яндукин,Дмитрий,Всеволодович
290,Серов,Антон,Онуфриевич
291,Горбунов,Викентий,Давыдович
292,Щукин,Богдан,Платонович
293,Ивазов,Данил,Ефремович
294,Богатырев,Вацлав,Даниилович
295,Колтышев,Савелий,Юриевич
296,Головнин,Серафим,Яковович
297,Махнёв,Василий,Андриянович
298,Яковенцев,Иван,Григориевич
299,Бобков,Глеб,Валерьянович
300,Горбачев,Всеслав,Миронович
301,Блоков,Ефим,Владимирович
302,Филимонов,Владислав,Эрнестович
303,Юхтриц,Зиновий,Анатолиевич
304,Жевлаков,Натан,Карлович
305,Лукашевич,Владилен,Аникитевич
306,Шиловский,Лаврентий,Ипатиевич
307,Вольпов,Руслан,Сидорович
308,Илюшин,Евграф,Герасимович
309,Иванков,Семён,Леонтиевич
310,Калугин,Авдей,Прокофиевич
311,Майоров,Тит,Пахомович
312,Толмачёв,Никанор,Андронович
313,Алогрин,Гаврила,Феликсович
314,Овчинников,Степан,Иосифович
315,Кашканов,Михей,Глебович
316,Павлов,Пимен,Савелиевич
317,Захаров,Терентий,Якубович
318,Воронцов,Феоктист,Родионович
319,Бармыкин,Евдоким,Валериевич
320,Ветров,Олег,Евлампиевич
321,Гайдуков,Бронислав,Кондратович
322,Бесчастных,Иларион,Наумович
323,Корбылев,Константин,Артемович
